{"d3chart":[{"name":"DataH","value":56},{"name":"DataM","value":54},{"name":"DataT","value":54},{"name":"DataN","value":53},{"name":"DataP","value":51},{"name":"DataK","value":49},{"name":"DataB","value":48},{"name":"DataI","value":48},{"name":"DataL","value":45},{"name":"DataQ","value":44},{"name":"DataE","value":41},{"name":"DataO","value":37},{"name":"DataD","value":35},{"name":"DataS","value":35},{"name":"DataA","value":25},{"name":"DataG","value":21},{"name":"DataC","value":17},{"name":"DataJ","value":13},{"name":"DataR","value":9},{"name":"DataF","value":1}]}